Vendors,Resource link for contacts,Partner Type
203 Trading LLC,/sites/InsideInsight/northamerica/depts_and_resources/departments/product_management/partner_pages/SitePages/203-Trading-LLC.aspx,Hardware
3M Company,/sites/InsideInsight/northamerica/depts_and_resources/departments/product_management/partner_pages/SitePages/3m-Company.aspx,Hardware
8x8,/sites/InsideInsight/northamerica/depts_and_resources/departments/product_management/partner_pages/SitePages/8x8.aspx,Cloud
ABBYY,/sites/InsideInsight/northamerica/depts_and_resources/departments/product_management/partner_pages/SitePages/ABBYY.aspx,Software
Absolute,/sites/InsideInsight/northamerica/depts_and_resources/departments/product_management/partner_pages/SitePages/Absolute.aspx,Services
"Access Control Devices, Inc (ACDI)","/:u:/r/sites/InsideInsight/northamerica/depts_and_resources/departments/product_management/partner_pages/SitePages/Access-Control-Devices,-Inc-(ACDI).aspx?csf=1&web=1&e=lkRX6e",
ACER,/sites/InsideInsight/northamerica/depts_and_resources/departments/product_management/partner_pages/SitePages/ACER.aspx,Hardware
Acronis,/sites/InsideInsight/northamerica/depts_and_resources/departments/product_management/partner_pages/SitePages/Acronis.aspx,Software
Addon/TriCentric ,/sites/InsideInsight/northamerica/depts_and_resources/departments/product_management/partner_pages/SitePages/AddOn-Tricentric.aspx,Hardware
Adlumin,/:u:/r/sites/InsideInsight/northamerica/depts_and_resources/departments/product_management/partner_pages/SitePages/Adlumin.aspx,
Adlumin,/sites/InsideInsight/northamerica/depts_and_resources/departments/product_management/partner_pages/SitePages/Adlumin.aspx,Hardware
Adobe,/sites/InsideInsight/northamerica/depts_and_resources/departments/product_management/partner_pages/SitePages/Adob.aspx,Software
Advantage Optics (Interoptic),/sites/InsideInsight/northamerica/depts_and_resources/departments/product_management/partner_pages/SitePages/Advantage-Optics-(Interoptic).aspx,Hardware
Allied Telesis,/sites/InsideInsight/northamerica/depts_and_resources/departments/product_management/partner_pages/SitePages/Allied-Telesis.aspx,Hardware
Altair (formerly Datawatch),/sites/InsideInsight/northamerica/depts_and_resources/departments/product_management/partner_pages/SitePages/Altair-(formerly-Datawatch).aspx,Software
ALTUS,/sites/InsideInsight/northamerica/depts_and_resources/departments/product_management/partner_pages/SitePages/ALTUS.aspx,Hardware
Aluratek,/sites/InsideInsight/northamerica/depts_and_resources/departments/product_management/partner_pages/SitePages/aluratek.aspx,Hardware
Ambir,/sites/InsideInsight/northamerica/depts_and_resources/departments/product_management/partner_pages/SitePages/Ambir.aspx,Hardware
AMD,/sites/InsideInsight/northamerica/depts_and_resources/departments/product_management/partner_pages/SitePages/amd.aspx,Hardware
Anker,/sites/InsideInsight/northamerica/depts_and_resources/departments/product_management/partner_pages/SitePages/anker.aspx,
AnyDesk,/sites/InsideInsight/northamerica/depts_and_resources/departments/product_management/partner_pages/SitePages/AnyDesk.aspx,Software
APC by Schneider Electric,/sites/InsideInsight/northamerica/depts_and_resources/departments/product_management/partner_pages/SitePages/APC-by-Schneider-Electric.aspx,Hardware
Apple,/sites/InsideInsight/northamerica/depts_and_resources/departments/product_management/partner_pages/SitePages/Apple.aspx,Hardware
Apricorn,/sites/InsideInsight/northamerica/depts_and_resources/departments/product_management/partner_pages/SitePages/Apricorn.aspx,Hardware
Arcserve ,/sites/InsideInsight/northamerica/depts_and_resources/departments/product_management/partner_pages/SitePages/Arcserve.aspx,Services
Arctic Wolf Networks,/sites/InsideInsight/northamerica/depts_and_resources/departments/product_management/partner_pages/SitePages/Arcticwolfnetworks.aspx,
Aruba,/sites/InsideInsight/northamerica/depts_and_resources/departments/product_management/partner_pages/SitePages/Hewlett-Packard-Enterprise-(HPE).aspx,
ASUS,/sites/InsideInsight/northamerica/depts_and_resources/departments/product_management/partner_pages/SitePages/ASUS.aspx,Hardware
Atdec,/sites/InsideInsight/northamerica/depts_and_resources/departments/product_management/partner_pages/SitePages/ATDEC.aspx,Hardware
Aten Technology,/sites/InsideInsight/northamerica/depts_and_resources/departments/product_management/partner_pages/SitePages/Aten-Technology.aspx,Hardware
Atlassian,/sites/InsideInsight/northamerica/depts_and_resources/departments/product_management/partner_pages/SitePages/Atlassian.aspx,
Attachmate,/sites/InsideInsight/northamerica/depts_and_resources/departments/product_management/partner_pages/SitePages/Attachmate.aspx,Software
Autodesk,/sites/InsideInsight/northamerica/depts_and_resources/departments/product_management/partner_pages/SitePages/Autodesk.aspx,Software
Auvik,/sites/InsideInsight/northamerica/depts_and_resources/departments/product_management/partner_pages/SitePages/Auvik.aspx,Software
Avaya ,/sites/InsideInsight/northamerica/depts_and_resources/departments/product_management/partner_pages/SitePages/Avaya.aspx,Hardware & Software
Avigilon,/sites/InsideInsight/northamerica/depts_and_resources/departments/product_management/partner_pages/SitePages/Avigilon.aspx,
Avocor,/sites/InsideInsight/northamerica/depts_and_resources/departments/product_management/partner_pages/SitePages/Avocor.aspx,Hardware
AWS (Amazon Web Services),/sites/InsideInsight/northamerica/depts_and_resources/departments/product_management/partner_pages/SitePages/AWS.aspx,Software
Axcient,/sites/InsideInsight/northamerica/depts_and_resources/departments/product_management/partner_pages/SitePages/Axcient.aspx,
Axiom,/sites/InsideInsight/northamerica/depts_and_resources/departments/product_management/partner_pages/SitePages/Axiom.aspx,Hardware
Azul,/sites/InsideInsight/northamerica/depts_and_resources/departments/product_management/partner_pages/SitePages/Azul.aspx,Software
Barco,/sites/InsideInsight/northamerica/depts_and_resources/departments/product_management/partner_pages/SitePages/Barco.aspx,Hardware
Barracuda Networks,/sites/InsideInsight/northamerica/depts_and_resources/departments/product_management/partner_pages/SitePages/Barracuda-Networks.aspx,Hardware
Battery Technology Inc,/sites/InsideInsight/northamerica/depts_and_resources/departments/product_management/partner_pages/SitePages/Battery-Technology-Inc-(BTI).aspx,
Belkin,/sites/InsideInsight/northamerica/depts_and_resources/departments/product_management/partner_pages/SitePages/Belkin.aspx,Hardware
BenQ,/sites/InsideInsight/northamerica/depts_and_resources/departments/product_management/partner_pages/SitePages/BenQ.aspx,Hardware
Binary Defense,/sites/InsideInsight/northamerica/depts_and_resources/departments/product_management/partner_pages/SitePages/Binary-Defense.aspx?cid=1f2ec965-bbdf-4eb7-9717-87ec87f5e0b7,Software
Bitdefender,/sites/InsideInsight/northamerica/depts_and_resources/departments/product_management/partner_pages/SitePages/Bitdefender.aspx,Software
BitTitan,/sites/InsideInsight/northamerica/depts_and_resources/departments/product_management/partner_pages/SitePages/BitTitan.aspx,Cloud
Black Box,/sites/InsideInsight/northamerica/depts_and_resources/departments/product_management/partner_pages/SitePages/Black-Box.aspx,Hardware
BlackBerry,/sites/InsideInsight/northamerica/depts_and_resources/departments/product_management/partner_pages/SitePages/BlackBerry.aspx,Software
Blair Tech,/sites/InsideInsight/northamerica/depts_and_resources/departments/product_management/partner_pages/SitePages/Blair-Tech.aspx,Hardware
Bolide,/sites/InsideInsight/northamerica/depts_and_resources/departments/product_management/partner_pages/SitePages/Bolide.aspx,Hardware
box,/sites/InsideInsight/northamerica/depts_and_resources/departments/product_management/partner_pages/SitePages/box.aspx,Software
Bretford,/sites/InsideInsight/northamerica/depts_and_resources/departments/product_management/partner_pages/SitePages/Bretford.aspx,Hardware
Broadcast Microwave Services,/sites/InsideInsight/northamerica/depts_and_resources/departments/product_management/partner_pages/SitePages/Broadcast-Microwave-Services.aspx,Hardware
Brocade,/sites/InsideInsight/northamerica/depts_and_resources/departments/product_management/partner_pages/SitePages/Brocade.aspx,
Brother,/sites/InsideInsight/northamerica/depts_and_resources/departments/product_management/partner_pages/SitePages/Brother.aspx,Hardware
Buffalo Technology,/sites/InsideInsight/northamerica/depts_and_resources/departments/product_management/partner_pages/SitePages/Buffalo-Technology.aspx,Hardware
"C2G (Legrand AV, Raritan, Server Tech, Da-Lite, Mi…",/sites/InsideInsight/northamerica/depts_and_resources/departments/product_management/partner_pages/SitePages/C2G.aspx,Hardware
CA,/sites/InsideInsight/northamerica/depts_and_resources/departments/product_management/partner_pages/SitePages/CA.aspx,Software
CallTower,/sites/InsideInsight/northamerica/depts_and_resources/departments/product_management/partner_pages/SitePages/CallTower.aspx,
Canon,/sites/InsideInsight/northamerica/depts_and_resources/departments/product_management/partner_pages/SitePages/Canon.aspx,Hardware
Capsa Healthcare,/sites/InsideInsight/northamerica/depts_and_resources/departments/product_management/partner_pages/SitePages/Capsa-Healthcare.aspx,Hardware
Carbonite,/sites/InsideInsight/northamerica/depts_and_resources/departments/product_management/partner_pages/SitePages/Carbonite.aspx,Software
Check Point,/sites/InsideInsight/northamerica/depts_and_resources/departments/product_management/partner_pages/SitePages/Check-Point.aspx,Software
Cisco,/sites/InsideInsight/northamerica/depts_and_resources/departments/product_management/partner_pages/SitePages/Cisco.aspx,Hardware
Citizen,/:u:/r/sites/InsideInsight/northamerica/depts_and_resources/departments/product_management/partner_pages/SitePages/Citizen(1).aspx?csf=1&web=1&e=c7vFdg,Hardware
Citrix,/sites/InsideInsight/northamerica/depts_and_resources/departments/product_management/partner_pages/SitePages/Citrix.aspx,Software
ClearVision,/sites/InsideInsight/northamerica/depts_and_resources/departments/product_management/partner_pages/SitePages/Clearvision.aspx,
CNB Computers,/sites/InsideInsight/northamerica/depts_and_resources/departments/product_management/partner_pages/SitePages/CNB-Computers.aspx,Hardware
Cockroach Labs,/sites/InsideInsight/northamerica/depts_and_resources/departments/product_management/partner_pages/SitePages/Cockroach-Labs.aspx,
Code Corporation,/sites/InsideInsight/northamerica/depts_and_resources/departments/product_management/partner_pages/SitePages/Code-Corporation.aspx,Hardware
CODi,/sites/InsideInsight/northamerica/depts_and_resources/departments/product_management/partner_pages/SitePages/CODi.aspx,Hardware
Cohesity ,/sites/InsideInsight/northamerica/depts_and_resources/departments/product_management/partner_pages/SitePages/Cohesity.aspx,Software
CommScope (Ruckus),/sites/InsideInsight/northamerica/depts_and_resources/departments/product_management/partner_pages/SitePages/CommScope%20Ruckus.aspx,
Commvault + Metallic,/sites/InsideInsight/northamerica/depts_and_resources/departments/product_management/partner_pages/SitePages/Commvault-+-Metallic(1).aspx,Software
Compulocks,/sites/InsideInsight/northamerica/depts_and_resources/departments/product_management/partner_pages/SitePages/Compulocks.aspx,
Concur,/sites/InsideInsight/northamerica/depts_and_resources/departments/product_management/partner_pages/SitePages/Concur.aspx,Software
Conga,/:u:/r/sites/InsideInsight/northamerica/depts_and_resources/departments/product_management/partner_pages/SitePages/Conga.aspx?csf=1&web=1&e=brGOMo,
CoreView,/sites/InsideInsight/northamerica/depts_and_resources/departments/product_management/partner_pages/SitePages/CoreView.aspx,Software
Cradlepoint,/sites/InsideInsight/northamerica/depts_and_resources/departments/product_management/partner_pages/SitePages/Cradlepoint.aspx,Hardware
Crowdstrike,/sites/InsideInsight/northamerica/depts_and_resources/departments/product_management/partner_pages/SitePages/Crowdstrike.aspx,Software
CTA Digital,/sites/InsideInsight/northamerica/depts_and_resources/departments/product_management/partner_pages/SitePages/CTA-Digital.aspx,Hardware
CyberArk,/sites/InsideInsight/northamerica/depts_and_resources/departments/product_management/partner_pages/SitePages/CyberArk.aspx,Software
CyberPower,/sites/InsideInsight/northamerica/depts_and_resources/departments/product_management/partner_pages/SitePages/CyberPower---Your-ULTIMATE-Ally-in-Power!.aspx,Hardware
Databricks,/sites/InsideInsight/northamerica/depts_and_resources/departments/product_management/partner_pages/SitePages/Databricks.aspx,Software
Datadog,/:u:/r/sites/InsideInsight/northamerica/depts_and_resources/departments/product_management/partner_pages/SitePages/Datadog.aspx?csf=1&web=1&e=YAvuAu,
Datalogic,/:u:/r/sites/InsideInsight/northamerica/depts_and_resources/departments/product_management/partner_pages/SitePages/Datalogic.aspx?csf=1&web=1&e=9TTbUy,Hardware
Dell Apex,/:u:/r/sites/InsideInsight/northamerica/depts_and_resources/departments/product_management/partner_pages/SitePages/Dell-APEX.aspx?csf=1&web=1&e=CfO6Wu,
Dell Technologies – Solutions (Data Center),/:u:/r/sites/InsideInsight/northamerica/depts_and_resources/departments/product_management/partner_pages/SitePages/dell-technologies-solutions.aspx?csf=1&web=1&e=Ecy7pB,
Dell Technologies – Technology (Devices),/sites/InsideInsight/northamerica/depts_and_resources/departments/product_management/partner_pages/SitePages/Dell-Technologies.aspx,Hardware
D-Link,/sites/InsideInsight/northamerica/depts_and_resources/departments/product_management/partner_pages/SitePages/D-Link.aspx,Hardware
DocuSign,/sites/InsideInsight/northamerica/depts_and_resources/departments/product_management/partner_pages/SitePages/Docusign.aspx,Software
Dropbox For Business,/sites/InsideInsight/northamerica/depts_and_resources/departments/product_management/partner_pages/SitePages/Dropbox-Business.aspx,Cloud
Druva,/sites/InsideInsight/northamerica/depts_and_resources/departments/product_management/partner_pages/SitePages/Druva.aspx,
DTEN ,/sites/InsideInsight/northamerica/depts_and_resources/departments/product_management/partner_pages/SitePages/DTEN.aspx,
EATON,/sites/InsideInsight/northamerica/depts_and_resources/departments/product_management/partner_pages/SitePages/EATON.aspx,
Eco Style,/sites/InsideInsight/northamerica/depts_and_resources/departments/product_management/partner_pages/SitePages/Eco-Style.aspx,
Ekahau,/sites/InsideInsight/northamerica/depts_and_resources/departments/product_management/partner_pages/SitePages/Ekahau.aspx,Software
ELO Touch Systems,/:u:/r/sites/InsideInsight/northamerica/depts_and_resources/departments/product_management/partner_pages/SitePages/Elo.aspx?csf=1&web=1&e=LgX2Is,
Embarcadero,/:u:/r/sites/InsideInsight/northamerica/depts_and_resources/departments/product_management/partner_pages/SitePages/Embarcadero.aspx?csf=1&web=1&e=DyrIMb,
EMC,/:u:/r/sites/InsideInsight/northamerica/depts_and_resources/departments/product_management/partner_pages/SitePages/EMC.aspx?csf=1&web=1&e=BczGOa,
ENET Solutions,/:u:/r/sites/InsideInsight/northamerica/depts_and_resources/departments/product_management/partner_pages/SitePages/ENET-Solutions.aspx?csf=1&web=1&e=k4Wgb7,Hardware
Entrust,/sites/InsideInsight/northamerica/depts_and_resources/departments/product_management/partner_pages/SitePages/Entrust.aspx,Services
EPOS,/sites/InsideInsight/northamerica/depts_and_resources/departments/product_management/partner_pages/SitePages/EPOS.aspx,Hardware
Epson,/sites/InsideInsight/northamerica/depts_and_resources/departments/product_management/partner_pages/SitePages/Epson.aspx,
Equal Optics,/sites/InsideInsight/northamerica/depts_and_resources/departments/product_management/partner_pages/SitePages/Equal-Optics.aspx,Hardware
Ergotron,/sites/InsideInsight/northamerica/depts_and_resources/departments/product_management/partner_pages/SitePages/Ergotron.aspx,Hardware
erwin,/sites/InsideInsight/northamerica/depts_and_resources/departments/product_management/partner_pages/SitePages/Erwin.aspx,Services
ESET,/sites/InsideInsight/northamerica/depts_and_resources/departments/product_management/partner_pages/SitePages/ESET.aspx,Hardware
Eventboard,/sites/InsideInsight/northamerica/depts_and_resources/departments/product_management/partner_pages/SitePages/Eventboard.aspx,Services
Evolve III,/sites/InsideInsight/northamerica/depts_and_resources/departments/product_management/partner_pages/SitePages/Evolve-III.aspx,
ExaGrid,/sites/InsideInsight/northamerica/depts_and_resources/departments/product_management/partner_pages/SitePages/ExaGrid.aspx,Hardware
Exclaimer,/:u:/r/sites/InsideInsight/northamerica/depts_and_resources/departments/product_management/partner_pages/SitePages/Exclaimer.aspx?csf=1&web=1&e=Laplh7,Software
Extreme Networks,/:u:/r/sites/InsideInsight/northamerica/depts_and_resources/departments/product_management/partner_pages/SitePages/Extreme-Networks.aspx?csf=1&web=1&e=oXRoEB,
F5 Networks,/sites/InsideInsight/northamerica/depts_and_resources/departments/product_management/partner_pages/SitePages/F5.aspx,Hardware
Five9,/sites/InsideInsight/northamerica/depts_and_resources/departments/product_management/partner_pages/SitePages/Five9.aspx,Cloud
Forcepoint,/sites/InsideInsight/northamerica/depts_and_resources/departments/product_management/partner_pages/SitePages/Forcepoint.aspx,Software
Fortinet ,/sites/InsideInsight/northamerica/depts_and_resources/departments/product_management/partner_pages/SitePages/Fortinet.aspx,Hardware
Foxit Software,/sites/InsideInsight/northamerica/depts_and_resources/departments/product_management/partner_pages/SitePages/Foxit.aspx,Software
Freshworks,/:u:/r/sites/InsideInsight/northamerica/depts_and_resources/departments/product_management/partner_pages/SitePages/Freshworks.aspx?csf=1&web=1&e=U4rWbu,Software
Fujitsu,/sites/InsideInsight/northamerica/depts_and_resources/departments/product_management/partner_pages/SitePages/Fujitsu.aspx,Cloud
Fusion Connect,/sites/InsideInsight/northamerica/depts_and_resources/departments/product_management/partner_pages/SitePages/Fusion-Connect.aspx,Cloud
Fuze,/:u:/r/sites/InsideInsight/northamerica/depts_and_resources/departments/product_management/partner_pages/SitePages/Fuze.aspx?csf=1&web=1&e=YPSc3O,Software
Genetec,/:u:/r/sites/InsideInsight/northamerica/depts_and_resources/departments/product_management/partner_pages/SitePages/Genetec.aspx?csf=1&web=1&e=u8H6vt,Software
Getac,/:u:/r/sites/InsideInsight/northamerica/depts_and_resources/departments/product_management/partner_pages/SitePages/Getac.aspx?csf=1&web=1&e=Na0DNP,
Gitlab,/:u:/r/sites/InsideInsight/northamerica/depts_and_resources/departments/product_management/partner_pages/SitePages/Gitlab.aspx?csf=1&web=1&e=pOgKVf,Software
Google,/sites/InsideInsight/northamerica/depts_and_resources/departments/product_management/google,Hardware
Go-To Technologies,/:u:/r/sites/InsideInsight/northamerica/depts_and_resources/departments/product_management/partner_pages/SitePages/GoTo-Technologies.aspx?csf=1&web=1&e=n0lEgU,Software
Grammarly,/:u:/r/sites/InsideInsight/northamerica/depts_and_resources/departments/product_management/partner_pages/SitePages/Grammarly.aspx?csf=1&web=1&e=LQH25Z,Software
HarnessIO,/sites/InsideInsight/northamerica/depts_and_resources/departments/product_management/partner_pages/SitePages/Harness.aspx,
Hashicorp,/sites/InsideInsight/northamerica/depts_and_resources/departments/product_management/partner_pages/SitePages/Hashicorp.aspx,Software
HCL,/:u:/r/sites/InsideInsight/northamerica/depts_and_resources/departments/product_management/partner_pages/SitePages/HCL-Software.aspx?csf=1&web=1&e=Zmf45u,Software
Hewlett Packard Enterprise (HPE),/sites/InsideInsight/northamerica/depts_and_resources/departments/product_management/partner_pages/SitePages/Hewlett-Packard-Enterprise-(HPE).aspx,
Hitachi Vantara,/sites/InsideInsight/northamerica/depts_and_resources/departments/product_management/partner_pages/SitePages/Hitachi-Vantara.aspx,Hardware
Honeywell,/sites/InsideInsight/northamerica/depts_and_resources/departments/product_management/partner_pages/SitePages/Honeywell.aspx,Hardware
HP Inc,/:u:/r/sites/InsideInsight/northamerica/depts_and_resources/departments/product_management/partner_pages/SitePages/HP-Inc.aspx?csf=1&web=1&e=NFcrxM,Hardware
HPI - Print (IPG),/:u:/r/sites/InsideInsight/northamerica/depts_and_resources/departments/product_management/partner_pages/SitePages/HPI---Print-(IPG).aspx?csf=1&web=1&e=uwd2S0,Hardware
HTC VIVE,/sites/InsideInsight/northamerica/depts_and_resources/departments/product_management/partner_pages/SitePages/HTC-VIVE.aspx,
HUMANSCALE,/:u:/r/sites/InsideInsight/northamerica/depts_and_resources/departments/product_management/partner_pages/SitePages/HUMANSCALE.aspx?csf=1&web=1&e=p0CaGm,
Hybrid Workplace,/:u:/r/sites/InsideInsight/northamerica/depts_and_resources/departments/product_management/partner_pages/SitePages/Hybrid-Workplace.aspx?csf=1&web=1&e=40N9Le,Software
Hyper by Sanho,/sites/InsideInsight/northamerica/depts_and_resources/departments/product_management/partner_pages/SitePages/Hyper-by-Sanho.aspx,
Hyperion,/sites/InsideInsight/northamerica/depts_and_resources/departments/product_management/partner_pages/SitePages/Hyperion.aspx,Hardware
IBM,/sites/InsideInsight/northamerica/depts_and_resources/departments/product_management/partner_pages/SitePages/Ibm.aspx,Hardware
IBM Cloud,/:u:/r/sites/InsideInsight/northamerica/depts_and_resources/departments/product_management/partner_pages/SitePages/IBM-Cloud.aspx?csf=1&web=1&e=Hzcs5q,
IBM Software,/:u:/r/sites/InsideInsight/northamerica/depts_and_resources/departments/product_management/partner_pages/SitePages/IBM-SOFTWARE(1).aspx?csf=1&web=1&e=n7MPWL,
IGEL,/sites/InsideInsight/northamerica/depts_and_resources/departments/product_management/partner_pages/SitePages/IGEL.aspx,
Imation,/sites/InsideInsight/northamerica/depts_and_resources/departments/product_management/partner_pages/SitePages/Imation.aspx,Software
Infinite Peripherals,/:u:/r/sites/InsideInsight/northamerica/depts_and_resources/departments/product_management/partner_pages/SitePages/Infinite-Peripherals.aspx?csf=1&web=1&e=GaeM93,Hardware
Informatica,/sites/InsideInsight/northamerica/depts_and_resources/departments/product_management/partner_pages/SitePages/Informatica.aspx,Cloud
Ingram Micro Sourcing and CPO,/:u:/r/sites/InsideInsight/northamerica/depts_and_resources/departments/product_management/partner_pages/SitePages/Ingram-Micro-Sourcing-%26-CPO-(REFURB).aspx?csf=1&web=1&e=xD1psq,Hardware
Intel,/sites/InsideInsight/northamerica/depts_and_resources/departments/product_management/partner_pages/SitePages/Intel.aspx,Hardware
Intelisys,/:u:/r/sites/InsideInsight/northamerica/depts_and_resources/departments/product_management/partner_pages/SitePages/Intelisys.aspx?csf=1&web=1&e=4QMfpl,Cloud
Intermedia,/:u:/r/sites/InsideInsight/northamerica/depts_and_resources/departments/product_management/partner_pages/SitePages/Intermedia.aspx?csf=1&web=1&e=R2HFTX,
IOGear,/:u:/r/sites/InsideInsight/northamerica/depts_and_resources/departments/product_management/partner_pages/SitePages/IOGear.aspx?csf=1&web=1&e=e1Dl7y,Hardware
Iomega,/:u:/r/sites/InsideInsight/northamerica/depts_and_resources/departments/product_management/partner_pages/SitePages/Iomega.aspx?csf=1&web=1&e=k7foXQ,
iStorage,/:u:/r/sites/InsideInsight/northamerica/depts_and_resources/departments/product_management/partner_pages/SitePages/iStorage.aspx?csf=1&web=1&e=gjMfVY,Hardware
iStorage,/:u:/r/sites/InsideInsight/northamerica/depts_and_resources/departments/product_management/partner_pages/SitePages/iStorage.aspx?csf=1&web=1&e=gjMfVY,
Ivanti,/:u:/r/sites/InsideInsight/northamerica/depts_and_resources/departments/product_management/partner_pages/SitePages/Ivanti.aspx?csf=1&web=1&e=2FfFdT,Software
Jabra (GN Netcom),/:u:/r/sites/InsideInsight/northamerica/depts_and_resources/departments/product_management/partner_pages/SitePages/Jabra-(GN-Netcom).aspx?csf=1&web=1&e=8hxmsl,Hardware
Jamf Software,/:u:/r/sites/InsideInsight/northamerica/depts_and_resources/departments/product_management/partner_pages/SitePages/Jamf-Software.aspx?csf=1&web=1&e=IQlrH9,Software
JetBrains,/:u:/r/sites/InsideInsight/northamerica/depts_and_resources/departments/product_management/partner_pages/SitePages/JetBrains.aspx?csf=1&web=1&e=cQfG0X,
JLAB,/:u:/r/sites/InsideInsight/northamerica/depts_and_resources/departments/product_management/partner_pages/SitePages/JLAB.aspx?csf=1&web=1&e=XFqF6a,
JMA,/sites/InsideInsight/northamerica/depts_and_resources/departments/product_management/partner_pages/SitePages/JMA-Wireless.aspx,
Joy Systems,/:u:/r/sites/InsideInsight/northamerica/depts_and_resources/departments/product_management/partner_pages/SitePages/Joy-Systems.aspx?csf=1&web=1&e=NdiEKn,Hardware
Juniper Networks,/sites/InsideInsight/northamerica/depts_and_resources/departments/product_management/partner_pages/SitePages/Juniper-Networks.aspx,Hardware
Kaspersky,/sites/InsideInsight/northamerica/depts_and_resources/departments/product_management/partner_pages/SitePages/Kaspersky.aspx,
Keeper Security,/:u:/r/sites/InsideInsight/northamerica/depts_and_resources/departments/product_management/partner_pages/SitePages/Keeper-Security.aspx?csf=1&web=1&e=c3EP6s,Cloud
KeepItSafe,/:u:/r/sites/InsideInsight/northamerica/depts_and_resources/departments/product_management/partner_pages/SitePages/KeepItSafe.aspx?csf=1&web=1&e=QtXfn3,Software
Kensington,/:u:/r/sites/InsideInsight/northamerica/depts_and_resources/departments/product_management/partner_pages/SitePages/Kensington.aspx?csf=1&web=1&e=1nMCYn,Hardware
Kingston,/:u:/r/sites/InsideInsight/northamerica/depts_and_resources/departments/product_management/partner_pages/SitePages/Kingston.aspx?csf=1&web=1&e=AY43kg,Hardware
Kodak,/:u:/r/sites/InsideInsight/northamerica/depts_and_resources/departments/product_management/partner_pages/SitePages/Kodak.aspx?csf=1&web=1&e=MFTTVg,Hardware
Kofax (Nuance Imaging),/sites/InsideInsight/northamerica/depts_and_resources/departments/product_management/partner_pages/SitePages/Kofax.aspx,
LastPass,/:u:/r/sites/InsideInsight/northamerica/depts_and_resources/departments/product_management/partner_pages/SitePages/LastPass.aspx?csf=1&web=1&e=qVIff0,
Lenovo,/sites/InsideInsight/northamerica/depts_and_resources/departments/product_management/partner_pages/SitePages/Lenovo.aspx,Hardware
Lexmark,/:u:/r/sites/InsideInsight/northamerica/depts_and_resources/departments/product_management/partner_pages/SitePages/Lexmark.aspx?csf=1&web=1&e=jqWZqP,Hardware
LG,/sites/InsideInsight/northamerica/depts_and_resources/departments/product_management/partner_pages/SitePages/LG.aspx,Hardware
Linksys,/sites/InsideInsight/northamerica/depts_and_resources/departments/product_management/partner_pages/SitePages/Linksys.aspx,Hardware
Logitech,/:u:/r/sites/InsideInsight/northamerica/depts_and_resources/departments/product_management/partner_pages/SitePages/Logitech(1).aspx?csf=1&web=1&e=WvVUih,Hardware
Logitech,/:u:/r/sites/InsideInsight/northamerica/depts_and_resources/departments/product_management/partner_pages/SitePages/Logitech(1).aspx?csf=1&web=1&e=WvVUih,
MaaS360,/:u:/r/sites/InsideInsight/northamerica/depts_and_resources/departments/product_management/partner_pages/SitePages/MaaS360.aspx?csf=1&web=1&e=cnRSSQ,
MacStadium,/:u:/r/sites/InsideInsight/northamerica/depts_and_resources/departments/product_management/partner_pages/SitePages/MacStadium.aspx?csf=1&web=1&e=fIFf55,
Magic Leap,/sites/InsideInsight/northamerica/depts_and_resources/departments/product_management/partner_pages/SitePages/Magic-Leap.aspx,
MakerBot,/:u:/r/sites/InsideInsight/northamerica/depts_and_resources/departments/product_management/partner_pages/SitePages/MakerBot.aspx?csf=1&web=1&e=B5wU3L,Hardware
Malwarebytes,/:u:/r/sites/InsideInsight/northamerica/depts_and_resources/departments/product_management/partner_pages/SitePages/Malwarebytes.aspx?csf=1&web=1&e=kXVwxr,Software
McAfee,/sites/InsideInsight/northamerica/depts_and_resources/departments/product_management/partner_pages/SitePages/Trellix-(formerly-McAfee-and-FireEYE).aspx,Software
Mellanox Technologies,/sites/InsideInsight/northamerica/depts_and_resources/departments/product_management/partner_pages/SitePages/Mellanox-Technologies.aspx,
Meta,/:u:/r/sites/InsideInsight/northamerica/depts_and_resources/departments/product_management/partner_pages/SitePages/Meta.aspx?csf=1&web=1&e=tBKhb8,
Micro Focus,/:u:/r/sites/InsideInsight/northamerica/depts_and_resources/departments/product_management/partner_pages/SitePages/Micro-Focus.aspx?csf=1&web=1&e=zxdbZ2,Software
Microcad,/:u:/r/sites/InsideInsight/northamerica/depts_and_resources/departments/product_management/partner_pages/SitePages/Microcad.aspx?csf=1&web=1&e=fymnGx,Hardware
Micron,/:u:/r/sites/InsideInsight/northamerica/depts_and_resources/departments/product_management/partner_pages/SitePages/Micron.aspx?csf=1&web=1&e=sbj5Zx,Hardware
Microsoft,/sites/InsideInsight/northamerica/depts_and_resources/departments/product_management/microsoft,Hardware & Software
Mimecast,/sites/InsideInsight/northamerica/depts_and_resources/departments/product_management/partner_pages/SitePages/Mimecast.aspx,Cloud
MOBILE PIXEL,/sites/InsideInsight/northamerica/depts_and_resources/departments/product_management/partner_pages/SitePages/MOBILE-PIXELS.aspx,
MobileIron,/:u:/r/sites/InsideInsight/northamerica/depts_and_resources/departments/product_management/partner_pages/SitePages/MobileIron.aspx?csf=1&web=1&e=lAjDzz,Hardware
MPS,/:u:/r/sites/InsideInsight/northamerica/depts_and_resources/departments/product_management/partner_pages/SitePages/MPS.aspx?csf=1&web=1&e=C86Eu4,Services
MSI Computer Corp.,/:u:/r/sites/InsideInsight/northamerica/depts_and_resources/departments/product_management/partner_pages/SitePages/MSI-Computer-Corp.aspx?csf=1&web=1&e=Y8iuLY,Hardware
Mural,/:u:/r/sites/InsideInsight/northamerica/depts_and_resources/departments/product_management/partner_pages/SitePages/Mural.aspx?csf=1&web=1&e=KmPxhd,
Neat,/sites/InsideInsight/northamerica/depts_and_resources/departments/product_management/partner_pages/SitePages/Neat.aspx,
NEC,/sites/InsideInsight/northamerica/depts_and_resources/departments/product_management/partner_pages/SitePages/NEC.aspx,
NetAlly,/:u:/r/sites/InsideInsight/northamerica/depts_and_resources/departments/product_management/partner_pages/SitePages/NetAlly.aspx?csf=1&web=1&e=trB6WP,Hardware
NetApp,/:u:/r/sites/InsideInsight/northamerica/depts_and_resources/departments/product_management/partner_pages/SitePages/NetApp.aspx?csf=1&web=1&e=3WLyHD,Hardware
NetGear,/:u:/r/sites/InsideInsight/northamerica/depts_and_resources/departments/product_management/partner_pages/SitePages/NetGear.aspx?csf=1&web=1&e=wDG9Hp,Hardware
Netwrix,/:u:/r/sites/InsideInsight/northamerica/depts_and_resources/departments/product_management/partner_pages/SitePages/Netwrix.aspx?csf=1&web=1&e=bpXqXL,Software
New England Technology Inc (NETi),/:u:/r/sites/InsideInsight/northamerica/depts_and_resources/departments/product_management/partner_pages/SitePages/New-England-Technology-Inc-(NETi).aspx?csf=1&web=1&e=sY063L,
Nexthink,/:u:/r/sites/InsideInsight/northamerica/depts_and_resources/departments/product_management/partner_pages/SitePages/Nexthink.aspx?csf=1&web=1&e=MmPefm,Software
Nextivity,/sites/InsideInsight/northamerica/depts_and_resources/departments/product_management/partner_pages/SitePages/Nextivity.aspx,Hardware
Nice InContact,/:u:/r/sites/InsideInsight/northamerica/depts_and_resources/departments/product_management/partner_pages/SitePages/Nice-InContact.aspx?csf=1&web=1&e=jwrccq,Software
NinjaOne,/:u:/r/sites/InsideInsight/northamerica/depts_and_resources/departments/product_management/partner_pages/SitePages/NinjaOne.aspx?csf=1&web=1&e=U9te3m,
Nintex,/:u:/r/sites/InsideInsight/northamerica/depts_and_resources/departments/product_management/partner_pages/SitePages/Nintex.aspx?csf=1&web=1&e=8ohdjo,
Nitro,/:u:/r/sites/InsideInsight/northamerica/depts_and_resources/departments/product_management/partner_pages/SitePages/Nitro.aspx?csf=1&web=1&e=7EhEzm,Software
Nuance Communications,/sites/InsideInsight/northamerica/depts_and_resources/departments/product_management/partner_pages/SitePages/Nuance-Communications.aspx,Software
Nutanix,/:u:/r/sites/InsideInsight/northamerica/depts_and_resources/departments/product_management/partner_pages/SitePages/Nutanix.aspx?csf=1&web=1&e=mbKYGx,Software
NVIDIA,/sites/InsideInsight/northamerica/depts_and_resources/departments/product_management/partner_pages/SitePages/NVIDIA.aspx,Hardware
Okidata ,/sites/InsideInsight/northamerica/depts_and_resources/departments/product_management/partner_pages/SitePages/Okidata.aspx,
Okta,/sites/InsideInsight/northamerica/depts_and_resources/departments/product_management/partner_pages/SitePages/Okta.aspx,
One Identity,/:u:/r/sites/InsideInsight/northamerica/depts_and_resources/departments/product_management/partner_pages/SitePages/One-Identity.aspx?csf=1&web=1&e=qGQk0H,Software
Opengear,/sites/InsideInsight/northamerica/depts_and_resources/departments/product_management/partner_pages/SitePages/Opengear.aspx,
Optoma,/sites/InsideInsight/northamerica/depts_and_resources/departments/product_management/partner_pages/SitePages/Optoma.aspx,Hardware
Oracle,/sites/InsideInsight/northamerica/depts_and_resources/departments/product_management/partner_pages/SitePages/Oracle.aspx,Software
Otter Products,/:u:/r/sites/InsideInsight/northamerica/depts_and_resources/departments/product_management/partner_pages/SitePages/Otter-Pro.aspx?csf=1&web=1&e=xqPKXx,Hardware
Owl Labs,/:u:/r/sites/InsideInsight/northamerica/depts_and_resources/departments/product_management/partner_pages/SitePages/Owl-Labs.aspx?csf=1&web=1&e=YwzCC3,
Paessler,/:u:/r/sites/InsideInsight/northamerica/depts_and_resources/departments/product_management/partner_pages/SitePages/Paessler.aspx?csf=1&web=1&e=aNE7TI,Software
Palo Alto Networks,/sites/InsideInsight/northamerica/depts_and_resources/departments/product_management/partner_pages/SitePages/Palo-Alto-Networks.aspx,Hardware
Panasonic,/sites/InsideInsight/northamerica/depts_and_resources/departments/product_management/partner_pages/SitePages/Panasonic.aspx,Hardware
Panda Security,/sites/InsideInsight/northamerica/depts_and_resources/departments/product_management/partner_pages/SitePages/Panda-Security.aspx,Software
Panduit,/:u:/r/sites/InsideInsight/northamerica/depts_and_resources/departments/product_management/partner_pages/SitePages/Panduit.aspx?csf=1&web=1&e=0ajHHN,Hardware
Parallels,/:u:/r/sites/InsideInsight/northamerica/depts_and_resources/departments/product_management/partner_pages/SitePages/Parallels.aspx?csf=1&web=1&e=bZkxUE,Software
Park Place Technologies,/:u:/r/sites/InsideInsight/northamerica/depts_and_resources/departments/product_management/partner_pages/SitePages/Park-Place-Technologies.aspx?csf=1&web=1&e=K0g99d,Hardware
Peerless-AV,/:u:/r/sites/InsideInsight/northamerica/depts_and_resources/departments/product_management/partner_pages/SitePages/Peerless-AV.aspx?csf=1&web=1&e=t4DWAj,Hardware
phoenixNAP,/:u:/r/sites/InsideInsight/northamerica/depts_and_resources/departments/product_management/partner_pages/SitePages/phoenixNAP.aspx?csf=1&web=1&e=f89UJh,Cloud
Ping Identity,/sites/InsideInsight/northamerica/depts_and_resources/departments/product_management/partner_pages/SitePages/Ping-Identity.aspx,
Planar,/sites/InsideInsight/northamerica/depts_and_resources/departments/product_management/partner_pages/SitePages/Planar.aspx,Hardware
PlanITROI,/:u:/r/sites/InsideInsight/northamerica/depts_and_resources/departments/product_management/partner_pages/SitePages/PlanITROI.aspx?csf=1&web=1&e=1pLdLB,Hardware
Plugable Technologies,/:u:/r/sites/InsideInsight/northamerica/depts_and_resources/departments/product_management/partner_pages/SitePages/Plugable-Technologies.aspx?csf=1&web=1&e=5OaSW6,Hardware
PNY Technologies,/:u:/r/sites/InsideInsight/northamerica/depts_and_resources/departments/product_management/partner_pages/SitePages/PNY-Technologies.aspx?csf=1&web=1&e=K6Xj3U,Hardware
Poly,/sites/InsideInsight/northamerica/depts_and_resources/departments/product_management/partner_pages/SitePages/Poly.aspx,Hardware
Progress Software (formerly Ipswitch),/:u:/r/sites/InsideInsight/northamerica/depts_and_resources/departments/product_management/partner_pages/SitePages/Progress-Software.aspx?csf=1&web=1&e=TuF4GA,Software
Promethean,/:u:/r/sites/InsideInsight/northamerica/depts_and_resources/departments/product_management/partner_pages/SitePages/Promethean.aspx?csf=1&web=1&e=cDZtDL,
Proofpoint,/sites/InsideInsight/northamerica/depts_and_resources/departments/product_management/partner_pages/SitePages/Proofpoint.aspx,Software
Pulse Secure,/:u:/r/sites/InsideInsight/northamerica/depts_and_resources/departments/product_management/partner_pages/SitePages/Pulse-Secure.aspx?csf=1&web=1&e=S77cuk,
Pure Storage,/sites/InsideInsight/northamerica/depts_and_resources/departments/product_management/partner_pages/SitePages/Pure-Storage.aspx,Hardware
Qlik,/:u:/r/sites/InsideInsight/northamerica/depts_and_resources/departments/product_management/partner_pages/SitePages/Qlik.aspx?csf=1&web=1&e=XTcG0G,Cloud
QNAP,/:u:/r/sites/InsideInsight/northamerica/depts_and_resources/departments/product_management/partner_pages/SitePages/QNAP.aspx?csf=1&web=1&e=afaCJu,Hardware
Qualcomm,/:u:/r/sites/InsideInsight/northamerica/depts_and_resources/departments/product_management/partner_pages/SitePages/Q.aspx?csf=1&web=1&e=SqlGNK,
Quantum,/:u:/r/sites/InsideInsight/northamerica/depts_and_resources/departments/product_management/partner_pages/SitePages/Quantum.aspx?csf=1&web=1&e=HVWYdG,Hardware
Quest Software,/:u:/r/sites/InsideInsight/northamerica/depts_and_resources/departments/product_management/partner_pages/SitePages/Quest-Software.aspx?csf=1&web=1&e=fYBWkw,Software
Rapid7,/sites/InsideInsight/northamerica/depts_and_resources/departments/product_management/partner_pages/SitePages/Rapid7.aspx,Software
Red Hat,/sites/InsideInsight/northamerica/depts_and_resources/departments/product_management/partner_pages/SitePages/Red-Hat.aspx,Software
Red Hat - Public Sector,/:u:/r/sites/InsideInsight/northamerica/depts_and_resources/departments/product_management/partner_pages/SitePages/Red-Hat---Public-Sector.aspx?csf=1&web=1&e=YZrUJ6,Software
Red Hat CCSP,/:u:/r/sites/InsideInsight/northamerica/depts_and_resources/departments/product_management/partner_pages/SitePages/Red-Hat-CCSP.aspx?csf=1&web=1&e=GdwKPh,Software
Refurbished Computing,/:u:/r/sites/InsideInsight/northamerica/depts_and_resources/departments/product_management/partner_pages/SitePages/Refurbished-Computing.aspx?csf=1&web=1&e=S4Bhy3,
rf IDEAS,/:u:/r/sites/InsideInsight/northamerica/depts_and_resources/departments/product_management/partner_pages/SitePages/rf-IDEAS.aspx?csf=1&web=1&e=4Wgt29,Hardware
Rhombus,/sites/InsideInsight/northamerica/depts_and_resources/departments/product_management/partner_pages/SitePages/Rhombus.aspx,Hardware
Ricoh,/:u:/r/sites/InsideInsight/northamerica/depts_and_resources/departments/product_management/partner_pages/SitePages/Ricoh.aspx?csf=1&web=1&e=TAZZ60,
RingCentral,/:u:/r/sites/InsideInsight/northamerica/depts_and_resources/departments/product_management/partner_pages/SitePages/RingCentral.aspx?csf=1&web=1&e=wma37k,Cloud
Riverbed,/:u:/r/sites/InsideInsight/northamerica/depts_and_resources/departments/product_management/partner_pages/SitePages/Riverbed.aspx?csf=1&web=1&e=Ci3pZt,Software
RSA Security,/sites/InsideInsight/northamerica/depts_and_resources/departments/product_management/partner_pages/SitePages/RSA-Security.aspx,Software
Rubbermaid Healthcare,/:u:/r/sites/InsideInsight/northamerica/depts_and_resources/departments/product_management/partner_pages/SitePages/Rubbermaid-Healthcare.aspx?csf=1&web=1&e=grkhyL,
Rubrik,/sites/InsideInsight/northamerica/depts_and_resources/departments/product_management/partner_pages/SitePages/Rubrik.aspx,Hardware
Run:ai Labs,/sites/InsideInsight/northamerica/depts_and_resources/departments/product_management/partner_pages/SitePages/Run-ai-Labs.aspx,
Safeware Warranties,/:u:/r/sites/InsideInsight/northamerica/depts_and_resources/departments/product_management/partner_pages/SitePages/Safeware-Warranties.aspx?csf=1&web=1&e=bhNeCz,Hardware
Samsung Display,/:u:/r/sites/InsideInsight/northamerica/depts_and_resources/departments/product_management/partner_pages/SitePages/Samsung.aspx?csf=1&web=1&e=tRlg66,Hardware
Samsung Mobility,/:u:/r/sites/InsideInsight/northamerica/depts_and_resources/departments/product_management/partner_pages/SitePages/Samsung-Mobility.aspx?csf=1&web=1&e=oHbDqG,Hardware
Samsung SSD,/:u:/r/sites/InsideInsight/northamerica/depts_and_resources/departments/product_management/partner_pages/SitePages/Samsung-SSD(1).aspx?csf=1&web=1&e=F7EB9i,
SAP,/sites/InsideInsight/northamerica/depts_and_resources/departments/product_management/partner_pages/SitePages/SAP.aspx,
Satechi,/sites/InsideInsight/northamerica/depts_and_resources/departments/product_management/partner_pages/SitePages/Satechi.aspx,Hardware
Scale Computing,/sites/InsideInsight/northamerica/depts_and_resources/departments/product_management/partner_pages/SitePages/Scale-Computing.aspx,Software
ScienceLogic,/sites/InsideInsight/northamerica/depts_and_resources/departments/product_management/partner_pages/SitePages/ScienceLogic.aspx,Software
Seagate / Lacie,/sites/InsideInsight/northamerica/depts_and_resources/departments/product_management/partner_pages/SitePages/Seagate---Lacie.aspx,Hardware
Sectigo,/sites/InsideInsight/northamerica/depts_and_resources/departments/product_management/partner_pages/SitePages/Sectigo.aspx,Software
Secureworks,/sites/InsideInsight/northamerica/depts_and_resources/departments/product_management/partner_pages/SitePages/Secureworks.aspx,Software
Security Innovation,/:u:/r/sites/InsideInsight/northamerica/depts_and_resources/departments/product_management/partner_pages/SitePages/Security-Innovation.aspx?csf=1&web=1&e=AjMX4l,Software
Segue,/:u:/r/sites/InsideInsight/northamerica/depts_and_resources/departments/product_management/partner_pages/SitePages/Segue.aspx?csf=1&web=1&e=tui89j,Hardware
SentinelOne ,/:u:/r/sites/InsideInsight/northamerica/depts_and_resources/departments/product_management/partner_pages/SitePages/SentinelOne.aspx?csf=1&web=1&e=ys9Gxs,Software
Service Express,/:u:/r/sites/InsideInsight/northamerica/depts_and_resources/departments/product_management/partner_pages/SitePages/Service-Express.aspx?csf=1&web=1&e=TTL78f,
ServiceNow,/sites/InsideInsight/northamerica/depts_and_resources/departments/product_management/partner_pages/SitePages/ServiceNow.aspx,Software
Shure,/sites/InsideInsight/northamerica/depts_and_resources/departments/product_management/partner_pages/SitePages/Shure.aspx,Hardware
SIIG,/sites/InsideInsight/northamerica/depts_and_resources/departments/product_management/partner_pages/SitePages/SIIG.aspx,Hardware
Silver Peak,/sites/InsideInsight/northamerica/depts_and_resources/departments/product_management/partner_pages/SitePages/Silver-Peak.aspx,Hardware
Simplivity,/sites/InsideInsight/northamerica/depts_and_resources/departments/product_management/partner_pages/SitePages/Simplivity.aspx,
Simply NUC,/sites/InsideInsight/northamerica/depts_and_resources/departments/product_management/partner_pages/SitePages/Simply-NUC.aspx,Hardware
SKETCH,/:u:/r/sites/InsideInsight/northamerica/depts_and_resources/departments/product_management/partner_pages/SitePages/SKETCH.aspx?csf=1&web=1&e=e82yXt,
SkyTech USA LLC,/sites/InsideInsight/northamerica/depts_and_resources/departments/product_management/partner_pages/SitePages/SkyTech.aspx,Hardware
Snowflake,/sites/InsideInsight/northamerica/depts_and_resources/departments/product_management/partner_pages/SitePages/Snowflake.aspx,Cloud
SolarWinds,/sites/InsideInsight/northamerica/depts_and_resources/departments/product_management/partner_pages/SitePages/SolarWinds.aspx,Software
SOLO NEW YORK,/sites/InsideInsight/northamerica/depts_and_resources/departments/product_management/partner_pages/SitePages/SOLO-NEW-YORK(1).aspx,Hardware
SonicWall,/:u:/r/sites/InsideInsight/northamerica/depts_and_resources/departments/product_management/partner_pages/SitePages/SonicWall.aspx?csf=1&web=1&e=h62Gq4,Software
Sony,/:u:/r/sites/InsideInsight/northamerica/depts_and_resources/departments/product_management/partner_pages/SitePages/Sony.aspx?csf=1&web=1&e=NS2dZh,Hardware
Sophos,/:u:/r/sites/InsideInsight/northamerica/depts_and_resources/departments/product_management/partner_pages/SitePages/Sophos.aspx?csf=1&web=1&e=DhjG4z,Software
Spectrum,/:u:/r/sites/InsideInsight/northamerica/depts_and_resources/departments/product_management/partner_pages/SitePages/Spectrum.aspx?csf=1&web=1&e=uUfRqp,
Splunk,/sites/InsideInsight/northamerica/depts_and_resources/departments/product_management/partner_pages/SitePages/Splunk.aspx,
SQL Sentry (dba SentryOne),/sites/InsideInsight/northamerica/depts_and_resources/departments/product_management/partner_pages/SitePages/SQL-Sentry.aspx,Cloud
Star Micronics,/sites/InsideInsight/northamerica/depts_and_resources/departments/product_management/partner_pages/SitePages/Star-Micronics.aspx,Hardware
Starburst,/sites/InsideInsight/northamerica/depts_and_resources/departments/product_management/partner_pages/SitePages/Starburst.aspx,
StarTech.com,/sites/InsideInsight/northamerica/depts_and_resources/departments/product_management/partner_pages/SitePages/Startech.aspx,Hardware
StorMagic,/sites/InsideInsight/northamerica/depts_and_resources/departments/product_management/partner_pages/SitePages/StorMagic.aspx,Software
SuperMicro,/sites/InsideInsight/northamerica/depts_and_resources/departments/product_management/partner_pages/SitePages/SuperMicro.aspx,
SUSE,/sites/InsideInsight/northamerica/depts_and_resources/departments/product_management/partner_pages/SitePages/SUSE.aspx,Software
"Symantec (Symantec Enterprise Division, a Broadcom…",/sites/InsideInsight/northamerica/depts_and_resources/departments/product_management/partner_pages/SitePages/Symantec.aspx,Software
Syncplicity by Axway,/sites/InsideInsight/northamerica/depts_and_resources/departments/product_management/partner_pages/SitePages/Syncplicity-by-Axway.aspx,
Tableau,/sites/InsideInsight/northamerica/depts_and_resources/departments/product_management/partner_pages/SitePages/Tableau.aspx,Cloud
Targus,/sites/InsideInsight/northamerica/depts_and_resources/departments/product_management/partner_pages/SitePages/Targus.aspx,Hardware
TBI,/sites/InsideInsight/northamerica/depts_and_resources/departments/product_management/partner_pages/SitePages/TBI.aspx,Software
TeamViewer,/sites/InsideInsight/northamerica/depts_and_resources/departments/product_management/partner_pages/SitePages/TeamViewer.aspx,Cloud
TechSmith,/:u:/r/sites/InsideInsight/northamerica/depts_and_resources/departments/product_management/partner_pages/SitePages/TechSmith.aspx?csf=1&web=1&e=59Qabe,Software
Tenable,/sites/InsideInsight/northamerica/depts_and_resources/departments/product_management/partner_pages/SitePages/Tenable.aspx,Cloud
Thales Group,/sites/InsideInsight/northamerica/depts_and_resources/departments/product_management/partner_pages/SitePages/Thales-Group.aspx?csf=1&web=1&e=i0ghlu&cid=8f2653af-bcd2-425c-8e5e-6412bc2cb674,Software
The Joy Factory,"/sites/InsideInsight/northamerica/depts_and_resources/departments/product_management/partner_pages/SitePages/The-Joy-Factory---Tablet-Cases,-Mounts,-&-Kiosks.aspx",Hardware
The UNC Group (formerly Unirise),/sites/InsideInsight/northamerica/depts_and_resources/departments/product_management/partner_pages/SitePages/The-UNC-Group-(formerly-Unirise).aspx,Hardware
think-cell - PowerPoint charting. Done right.,/:u:/r/sites/InsideInsight/northamerica/depts_and_resources/departments/product_management/partner_pages/SitePages/think.aspx?csf=1&web=1&e=6eihWr,
ThinkOn,/sites/InsideInsight/northamerica/depts_and_resources/departments/product_management/partner_pages/SitePages/ThinkOn.aspx,Cloud
Thule & Case Logic,/sites/InsideInsight/northamerica/depts_and_resources/departments/product_management/partner_pages/SitePages/Thule-&-Case-Logic.aspx,Hardware
Tidel,/sites/InsideInsight/northamerica/depts_and_resources/departments/product_management/partner_pages/SitePages/Tidel.aspx,Hardware
Toshiba,/sites/InsideInsight/northamerica/depts_and_resources/departments/product_management/partner_pages/SitePages/Toshiba.aspx,Hardware
TP-Link,/sites/InsideInsight/northamerica/depts_and_resources/departments/product_management/partner_pages/SitePages/TP-Link.aspx,Hardware
TPV Technology,/sites/InsideInsight/northamerica/depts_and_resources/departments/product_management/partner_pages/SitePages/Philips-AOC.aspx?csf=1&web=1&e=8tcxg7&cid=4b1d7c47-d9de-4d6a-ac60-ee7b52fbdfe9,Hardware
Trend Micro,/sites/InsideInsight/northamerica/depts_and_resources/departments/product_management/partner_pages/SitePages/Trend-Micro.aspx?csf=1&web=1&e=ysjgDM&cid=ba16d6b3-f5f7-4ff4-b22f-348c71ab079c,Software
TRENDnet,/sites/InsideInsight/northamerica/depts_and_resources/departments/product_management/partner_pages/SitePages/TRENDnet.aspx,Hardware
Tripp Lite by Eaton,/sites/InsideInsight/northamerica/depts_and_resources/departments/product_management/partner_pages/SitePages/Tripp-Lite-by-Eaton(1).aspx,
Turbonomic,/sites/InsideInsight/northamerica/depts_and_resources/departments/product_management/partner_pages/SitePages/Turbonomic.aspx,Cloud
UAG,/sites/InsideInsight/northamerica/depts_and_resources/departments/product_management/partner_pages/SitePages/Urban-Armor-Gear.aspx,Hardware
UCaaS - Master Agencies & Providers,/sites/InsideInsight/northamerica/depts_and_resources/departments/product_management/partner_pages/SitePages/UCaaS-&-CCaaS---Master-Agencies.aspx,
Unitrends,/:u:/r/sites/InsideInsight/northamerica/depts_and_resources/departments/product_management/partner_pages/SitePages/Unitrends.aspx?csf=1&web=1&e=1sczNF,
V7,/sites/InsideInsight/northamerica/depts_and_resources/departments/product_management/partner_pages/SitePages/V7.aspx,Hardware
VCE,/sites/InsideInsight/northamerica/depts_and_resources/departments/product_management/partner_pages/SitePages/VCE.aspx,
Vectra.ai,/sites/InsideInsight/northamerica/depts_and_resources/departments/product_management/partner_pages/SitePages/Vectra.ai.aspx,
Veeam,/sites/InsideInsight/northamerica/depts_and_resources/departments/product_management/partner_pages/SitePages/Veeam.aspx,Software
Verified System Solutions,/sites/InsideInsight/northamerica/depts_and_resources/departments/product_management/partner_pages/SitePages/Verified-System-Solutions.aspx,
Veritas,/sites/InsideInsight/northamerica/depts_and_resources/departments/product_management/partner_pages/SitePages/Veritas.aspx,Software
Verizon Wireless,/sites/InsideInsight/northamerica/depts_and_resources/departments/product_management/partner_pages/SitePages/Verizon-Wireless.aspx,
Verkada,/sites/InsideInsight/northamerica/depts_and_resources/departments/product_management/partner_pages/SitePages/Verkada.aspx,
Vertiv (Avocent/Liebert/Geist),/sites/InsideInsight/northamerica/depts_and_resources/departments/product_management/partner_pages/SitePages/Vertiv-(Avocent-Liebert-Geist).aspx,Hardware
ViewSonic,/sites/InsideInsight/northamerica/depts_and_resources/departments/product_management/partner_pages/SitePages/ViewSonic.aspx,Hardware
Vipre,/sites/InsideInsight/northamerica/depts_and_resources/departments/product_management/partner_pages/SitePages/Vipre.aspx,
VisionTek,/:u:/r/sites/InsideInsight/northamerica/depts_and_resources/departments/product_management/partner_pages/SitePages/VisionTek.aspx?csf=1&web=1&e=dw5rGp,Hardware
VMware,/sites/InsideInsight/northamerica/depts_and_resources/departments/product_management/partner_pages/SitePages/VMware.aspx,Software
Vonage,/:u:/r/sites/InsideInsight/northamerica/depts_and_resources/departments/product_management/partner_pages/SitePages/Vonage.aspx?csf=1&web=1&e=XCmODb,Cloud
Wacom,/sites/InsideInsight/northamerica/depts_and_resources/departments/product_management/partner_pages/SitePages/Wacom.aspx,Hardware
Wasabi,/sites/InsideInsight/northamerica/depts_and_resources/departments/product_management/partner_pages/SitePages/Wasabi.aspx,Software
Wasp Barcode Technologies,/sites/InsideInsight/northamerica/depts_and_resources/departments/product_management/partner_pages/SitePages/Wasp.aspx,Hardware
Watchguard,/sites/InsideInsight/northamerica/depts_and_resources/departments/product_management/partner_pages/SitePages/Watch.aspx,Hardware
Western Digital / Sandisk / G-Technology,/sites/InsideInsight/northamerica/depts_and_resources/departments/product_management/partner_pages/SitePages/Western-Digital.aspx,Hardware
Worth Ave. Group,/sites/InsideInsight/northamerica/depts_and_resources/departments/product_management/partner_pages/SitePages/Worth-Ave.-Group.aspx,
Xerox,/sites/InsideInsight/northamerica/depts_and_resources/departments/product_management/partner_pages/SitePages/Xerox.aspx,Hardware
Yealink,/:u:/r/sites/InsideInsight/northamerica/depts_and_resources/departments/product_management/partner_pages/SitePages/Yealink.aspx?csf=1&web=1&e=aliNyr,Hardware
ZAGG,/:u:/r/sites/InsideInsight/northamerica/depts_and_resources/departments/product_management/partner_pages/SitePages/Channel--Conf-US-CHD-Connect-9.aspx?csf=1&web=1&e=TXY9EI,Hardware
Zebra Technologies,/:u:/r/sites/InsideInsight/northamerica/depts_and_resources/departments/product_management/partner_pages/SitePages/Zebra-Technologies.aspx?csf=1&web=1&e=4iLUDa,Hardware
Zix,/sites/InsideInsight/northamerica/depts_and_resources/departments/product_management/partner_pages/SitePages/Zix.aspx,Software
Zoom,/sites/InsideInsight/northamerica/depts_and_resources/departments/product_management/partner_pages/SitePages/Zoom.aspx,Software
Zscaler,/sites/InsideInsight/northamerica/depts_and_resources/departments/product_management/partner_pages/SitePages/Zscaler.aspx,Cloud
